Date,Symbol,Series,Prev Close,Open,High,Low,Last,Close,VWAP,Volume,Turnover,Trades,Deliverable Volume,%Deliverble
1/01/2015,TCS,EQ,2558.25,2567,2567,2541,2550,2545.55,2548.51,183415,4.67434E+13,8002,52870,0.2883
2/01/2015,TCS,EQ,2545.55,2551,2590.95,2550.6,2588.4,2579.45,2568.19,462870,1.18874E+14,27585,309350,0.6683
5/01/2015,TCS,EQ,2579.45,2581,2599.9,2524.65,2538.1,2540.25,2563.94,877121,2.24889E+14,43234,456728,0.5207
6/01/2015,TCS,EQ,2540.25,2529.1,2529.1,2440,2450.05,2446.6,2466.9,1211892,2.98962E+14,84503,714306,0.5894
7/01/2015,TCS,EQ,2446.6,2470,2479.15,2407.45,2426.9,2417.7,2433.96,1318166,3.20836E+14,101741,886368,0.6724
8/01/2015,TCS,EQ,2417.7,2442.4,2449,2420.55,2446,2443.8,2434.81,782704,1.90574E+14,47699,450768,0.5759
9/01/2015,TCS,EQ,2443.8,2455,2519.9,2450,2510,2512.3,2490.01,1598821,3.98108E+14,81743,865777,0.5415
12/01/2015,TCS,EQ,2512.3,2517,2528,2480.25,2527.95,2509.7,2497.82,798003,1.99327E+14,58810,451228,0.5654
13/01/2015,TCS,EQ,2509.7,2520,2530.4,2480.1,2498,2497.9,2509.4,734216,1.84244E+14,49993,386133,0.5259
14/01/2015,TCS,EQ,2497.9,2516,2531.8,2500.5,2525.05,2521.95,2517.54,893548,2.24955E+14,69237,498193,0.5575
15/01/2015,TCS,EQ,2521.95,2533,2581.75,2523.25,2542.05,2539.1,2550.97,2504960,6.39008E+14,96363,1598846,0.6383
16/01/2015,TCS,EQ,2539.1,2543.7,2545,2484.3,2526,2532.15,2511.39,2646915,6.64744E+14,127847,1372200,0.5184
19/01/2015,TCS,EQ,2532.15,2536,2551,2503,2509,2511,2516.06,567537,1.42795E+14,38860,309156,0.5447
20/01/2015,TCS,EQ,2511,2520,2530,2483.25,2498,2500.45,2498.94,1029283,2.57212E+14,58066,733487,0.7126
21/01/2015,TCS,EQ,2500.45,2522,2522,2488.25,2518,2513.8,2507.75,1155240,2.89705E+14,75976,771316,0.6677
22/01/2015,TCS,EQ,2513.8,2516.5,2521.25,2495.5,2511,2513.55,2509.31,1056607,2.65135E+14,74837,742399,0.7026
23/01/2015,TCS,EQ,2513.55,2514,2532.05,2496.1,2504.1,2503.6,2507.34,1575190,3.94953E+14,94619,1205911,0.7656
27/01/2015,TCS,EQ,2503.6,2512.35,2515,2489.55,2504.2,2502.05,2502.26,1369368,3.42651E+14,71406,1079233,0.7881
28/01/2015,TCS,EQ,2502.05,2503,2544.9,2502.9,2533.4,2539.6,2529.32,1560990,3.94824E+14,101994,1142166,0.7317
29/01/2015,TCS,EQ,2539.6,2538,2568.7,2512.9,2560.7,2544.65,2531.88,1867196,4.72752E+14,67497,1547590,0.8288
30/01/2015,TCS,EQ,2544.65,2560.7,2575,2470,2484,2482.05,2494.94,2908701,7.25703E+14,119200,2355497,0.8098
2/02/2015,TCS,EQ,2482.05,2482,2521.45,2462.05,2516,2514.2,2500.6,1590901,3.97821E+14,89485,1171718,0.7365
3/02/2015,TCS,EQ,2514.2,2511.65,2565,2507.1,2552.25,2558.25,2536.23,1172527,2.97379E+14,75106,701449,0.5982
4/02/2015,TCS,EQ,2558.25,2568,2571.7,2502.1,2514.95,2514.3,2523.08,1122709,2.83269E+14,60615,807091,0.7189
5/02/2015,TCS,EQ,2514.3,2520,2591.7,2519,2553,2552.4,2558.13,2265084,5.79439E+14,77935,1638106,0.7232
6/02/2015,TCS,EQ,2552.4,2553,2594.8,2550.85,2576.1,2575.75,2578.4,1068208,2.75426E+14,82449,582019,0.5449
9/02/2015,TCS,EQ,2575.75,2561.5,2569.1,2500,2512,2512.9,2531.83,1038216,2.62859E+14,72967,695542,0.6699
10/02/2015,TCS,EQ,2512.9,2510,2526.25,2433,2445.5,2441.15,2473.88,1899527,4.6992E+14,114773,1383973,0.7286
11/02/2015,TCS,EQ,2441.15,2455.05,2487.25,2447.25,2460,2459.9,2468.94,1468761,3.62628E+14,115345,1143243,0.7784
12/02/2015,TCS,EQ,2459.9,2479.8,2479.8,2447,2469,2462.15,2462.56,1553990,3.82679E+14,113845,1269759,0.8171
13/02/2015,TCS,EQ,2462.15,2470,2547.75,2460.25,2540,2538.75,2508.49,2079163,5.21556E+14,132132,1521051,0.7316
16/02/2015,TCS,EQ,2538.75,2560,2595,2555,2581.7,2584.8,2576.98,1182196,3.04649E+14,82111,831991,0.7038
18/02/2015,TCS,EQ,2584.8,2585.05,2643,2565.25,2640,2635.65,2605.04,1330007,3.46472E+14,70475,792678,0.596
19/02/2015,TCS,EQ,2635.65,2636,2687.3,2635,2674.55,2681.05,2660.47,1309001,3.48256E+14,80730,831048,0.6349
20/02/2015,TCS,EQ,2681.05,2698.8,2698.8,2642.25,2664.65,2675.55,2672.56,900794,2.40742E+14,43830,537225,0.5964
23/02/2015,TCS,EQ,2675.55,2671,2722,2671,2700,2696.65,2701.93,807446,2.18166E+14,47641,362669,0.4492
24/02/2015,TCS,EQ,2696.65,2694,2730,2679,2699.35,2704.75,2709.36,1099961,2.98019E+14,46480,685771,0.6235
25/02/2015,TCS,EQ,2704.75,2710,2722,2667.85,2669.7,2672.2,2694.16,883997,2.38163E+14,43048,546944,0.6187
26/02/2015,TCS,EQ,2672.2,2679,2692.75,2625.35,2649.5,2656.45,2655.31,995997,2.64468E+14,56829,565254,0.5675
27/02/2015,TCS,EQ,2656.45,2659.45,2675.75,2616.3,2668,2662.35,2647.84,1438688,3.80942E+14,74413,1003079,0.6972
28/02/2015,TCS,EQ,2662.35,2677,2687.1,2643,2679.55,2675.25,2668.12,589498,1.57285E+14,30189,271598,0.4607
2/03/2015,TCS,EQ,2675.25,2679.7,2708.95,2652.55,2673.95,2669.4,2664.97,1088019,2.89954E+14,64343,770649,0.7083
3/03/2015,TCS,EQ,2669.4,2682,2790,2676.15,2785.1,2776,2748.34,1712154,4.70558E+14,74770,1068918,0.6243
4/03/2015,TCS,EQ,2776,2788,2812.1,2715.65,2740,2746,2763.04,1931497,5.33681E+14,71983,1405748,0.7278
5/03/2015,TCS,EQ,2746,2750,2770.7,2681.05,2690.1,2696.45,2713.59,1086757,2.94901E+14,45126,677138,0.6231
9/03/2015,TCS,EQ,2696.45,2640,2679.8,2610,2649,2646.8,2647.72,1441587,3.81692E+14,64488,864858,0.5999
10/03/2015,TCS,EQ,2646.8,2648.9,2678.25,2595.25,2638.85,2642.7,2632.78,1518526,3.99794E+14,89030,910422,0.5995
11/03/2015,TCS,EQ,2642.7,2642,2659.95,2597.8,2605.15,2606.55,2622.9,1120100,2.93791E+14,52147,616835,0.5507
12/03/2015,TCS,EQ,2606.55,2623.9,2624.9,2590.1,2618.2,2619.05,2606.76,913818,2.3821E+14,62767,582972,0.638
13/03/2015,TCS,EQ,2619.05,2638,2639.95,2575,2585,2582.35,2594.75,793419,2.05872E+14,67541,481480,0.6068
16/03/2015,TCS,EQ,2582.35,2585.2,2610,2552,2560.6,2562.3,2579.88,778148,2.00753E+14,44209,484279,0.6223
17/03/2015,TCS,EQ,2562.3,2582.5,2606.7,2557.75,2583.65,2583.7,2582.66,633659,1.63653E+14,56639,368300,0.5812
18/03/2015,TCS,EQ,2583.7,2590.95,2599.45,2551.7,2556,2559.35,2561.86,627585,1.60779E+14,38991,364010,0.58
19/03/2015,TCS,EQ,2559.35,2576,2605.85,2568.1,2602,2596.25,2596.45,1224482,3.1793E+14,71701,888461,0.7256
20/03/2015,TCS,EQ,2596.25,2596,2618,2578.85,2610.85,2610.95,2608.5,981954,2.56142E+14,74415,714293,0.7274
23/03/2015,TCS,EQ,2610.95,2616,2631,2606,2616,2617.15,2616.73,783304,2.0497E+14,59518,575211,0.7343
24/03/2015,TCS,EQ,2617.15,2630,2637,2582.1,2600,2591.3,2617.59,1197439,3.13441E+14,58016,848633,0.7087
25/03/2015,TCS,EQ,2591.3,2591.4,2614,2545.2,2569.85,2573.75,2575.29,1112429,2.86483E+14,75792,825133,0.7417
26/03/2015,TCS,EQ,2573.75,2553.3,2586.7,2501,2515,2513.1,2535.65,1545821,3.91967E+14,82115,1110655,0.7185
27/03/2015,TCS,EQ,2513.1,2531,2571.9,2504.1,2519.9,2514.8,2536.73,1375888,3.49026E+14,76990,947653,0.6888
30/03/2015,TCS,EQ,2514.8,2525,2569.9,2520,2554.2,2564.15,2546.18,669503,1.70467E+14,64141,461568,0.6894
31/03/2015,TCS,EQ,2564.15,2569.45,2569.45,2521,2560,2553.95,2548.15,1213514,3.09222E+14,88908,862309,0.7106
1/04/2015,TCS,EQ,2553.95,2558,2563.6,2522.25,2544.05,2542.65,2538.81,1037879,2.63498E+14,54078,784911,0.7563
6/04/2015,TCS,EQ,2542.65,2558,2562.9,2500.1,2548.3,2547.3,2531.53,784271,1.9854E+14,45408,485665,0.6193
7/04/2015,TCS,EQ,2547.3,2562.45,2599,2544,2588.95,2585,2571.5,943461,2.42611E+14,77106,562689,0.5964
8/04/2015,TCS,EQ,2585,2594,2656.5,2590.85,2646,2641.4,2632,826067,2.17421E+14,61358,496296,0.6008
9/04/2015,TCS,EQ,2641.4,2659,2687.45,2635.15,2662.6,2664.55,2658.35,1272225,3.38202E+14,62583,902143,0.7091
10/04/2015,TCS,EQ,2664.55,2648.5,2670.8,2628,2651.1,2653.75,2648.39,907772,2.40414E+14,63471,625228,0.6888
13/04/2015,TCS,EQ,2653.75,2664,2665,2628,2653.85,2655.5,2650.09,654321,1.73401E+14,54293,451036,0.6893
15/04/2015,TCS,EQ,2655.5,2654.7,2713.9,2609.4,2618.95,2627.75,2646.26,1456967,3.85551E+14,74856,927588,0.6367
16/04/2015,TCS,EQ,2627.75,2626.95,2627,2571.35,2574,2582.8,2589.79,1608785,4.16642E+14,71768,1002627,0.6232
17/04/2015,TCS,EQ,2582.8,2557.1,2560,2470,2473.9,2474.85,2495.54,4834371,1.20643E+15,167402,2989132,0.6183
20/04/2015,TCS,EQ,2474.85,2480.05,2483.9,2424.85,2426,2428.8,2439.46,1445361,3.5259E+14,84591,916671,0.6342
21/04/2015,TCS,EQ,2428.8,2428.8,2452,2401,2427.05,2427.05,2430.81,1273016,3.09447E+14,83843,816116,0.6411
22/04/2015,TCS,EQ,2427.05,2431.5,2473,2407.55,2470.6,2445.1,2428.26,2093406,5.08334E+14,101821,1643446,0.7851
23/04/2015,TCS,EQ,2445.1,2472,2479.8,2431.7,2455,2457.25,2460.81,2171495,5.34364E+14,80541,1743765,0.803
24/04/2015,TCS,EQ,2457.25,2455.3,2514,2447.55,2509.6,2493.05,2488.25,1812579,4.51015E+14,130453,1306431,0.7208
27/04/2015,TCS,EQ,2493.05,2499.5,2520,2486,2500,2500.2,2501.44,1366526,3.41828E+14,81966,986807,0.7221
28/04/2015,TCS,EQ,2500.2,2510,2510,2455.1,2493,2495,2477.16,1544149,3.82511E+14,128979,1197833,0.7757
29/04/2015,TCS,EQ,2495,2484,2495,2451.05,2481,2487.3,2472.31,1009810,2.49656E+14,100184,626278,0.6202
30/04/2015,TCS,EQ,2487.3,2480,2490,2427.1,2476,2463.7,2461.06,1869027,4.59978E+14,101021,1353129,0.724
4/05/2015,TCS,EQ,2463.7,2491,2504.8,2457.2,2482.25,2481.55,2476.14,945315,2.34074E+14,83359,655734,0.6937
5/05/2015,TCS,EQ,2481.55,2501,2536.45,2500,2519,2517.85,2518.94,1627535,4.09966E+14,69702,1015019,0.6237
6/05/2015,TCS,EQ,2517.85,2515,2515,2455.8,2463,2463.05,2468.46,1697203,4.18948E+14,97392,1156742,0.6816
7/05/2015,TCS,EQ,2463.05,2464.9,2553.75,2453.7,2550,2545.25,2522.63,1602514,4.04256E+14,63417,1086092,0.6777
8/05/2015,TCS,EQ,2545.25,2560,2588,2516.3,2530,2527.25,2552.07,1501832,3.83279E+14,53709,1023782,0.6817
11/05/2015,TCS,EQ,2527.25,2535,2563.05,2525,2559,2556,2550.07,1286541,3.28077E+14,73023,931788,0.7243
12/05/2015,TCS,EQ,2556,2560,2565,2513,2523.95,2522.9,2524.91,1233693,3.11496E+14,71964,949366,0.7695
13/05/2015,TCS,EQ,2522.9,2547,2547,2480.45,2523.1,2515.4,2510.43,931887,2.33944E+14,53692,473256,0.5078
14/05/2015,TCS,EQ,2515.4,2520,2520,2485,2499,2499.25,2495.09,654525,1.6331E+14,40174,381895,0.5835
15/05/2015,TCS,EQ,2499.25,2515,2532.4,2501,2511,2511.15,2512.17,730727,1.83571E+14,32934,515976,0.7061
18/05/2015,TCS,EQ,2511.15,2514.1,2525.25,2497.1,2515.15,2520.4,2505.41,2253876,5.64689E+14,50845,2006146,0.8901
19/05/2015,TCS,EQ,2520.4,2519.4,2530,2496.75,2512,2512.7,2511.97,978861,2.45887E+14,37527,686093,0.7009
20/05/2015,TCS,EQ,2512.7,2520,2569.9,2516.9,2557,2557.05,2550.08,948907,2.41979E+14,41995,571725,0.6025
21/05/2015,TCS,EQ,2557.05,2557,2580,2548.15,2551.9,2555.5,2565.83,789789,2.02646E+14,40459,563782,0.7138
22/05/2015,TCS,EQ,2555.5,2550,2628.75,2539.25,2621.8,2617.9,2594.64,1345816,3.49191E+14,52428,992008,0.7371
25/05/2015,TCS,EQ,2617.9,2620,2636.9,2585.7,2600.05,2601,2606.03,491489,1.28083E+14,30375,263444,0.536
26/05/2015,TCS,EQ,2601,2605,2623.25,2588.9,2614.95,2608.85,2610.17,980870,2.56024E+14,34315,705361,0.7191
27/05/2015,TCS,EQ,2608.85,2608,2633.15,2592,2610,2615.25,2615.75,810345,2.11966E+14,50501,600904,0.7415
28/05/2015,TCS,EQ,2615.25,2603.9,2623,2582.25,2615.9,2609.5,2606.6,1381804,3.60181E+14,52267,1070716,0.7749
29/05/2015,TCS,EQ,2609.5,2617,2648.6,2597.25,2621.55,2610.3,2614.52,2211766,5.7827E+14,83932,1686200,0.7624
1/06/2015,TCS,EQ,2610.3,2609.45,2647.1,2608.35,2615.2,2617.75,2622.43,441132,1.15684E+14,35794,251151,0.5693
2/06/2015,TCS,EQ,2617.75,2616,2630,2590.5,2605,2599.9,2605.54,1967910,5.12747E+14,54815,1605076,0.8156
3/06/2015,TCS,EQ,2599.9,2604,2625.6,2590.5,2612,2610.9,2611.6,902342,2.35655E+14,41440,635538,0.7043
4/06/2015,TCS,EQ,2610.9,2617.1,2622.8,2588.5,2600.2,2605.65,2606.81,2065734,5.38497E+14,44653,1816025,0.8791
5/06/2015,TCS,EQ,2605.65,2592,2609,2570,2577.5,2575.85,2583.52,1154267,2.98207E+14,52168,848596,0.7352
8/06/2015,TCS,EQ,2575.85,2590,2590,2561.65,2580,2577.45,2576.28,785160,2.02279E+14,62168,543370,0.6921
9/06/2015,TCS,EQ,2577.45,2585,2590,2551,2561.95,2561.65,2574.52,1289457,3.31974E+14,63744,1099487,0.8527
10/06/2015,TCS,EQ,2561.65,2566,2610,2563.8,2600,2600.75,2586.57,1381675,3.5738E+14,42817,1122720,0.8126
11/06/2015,TCS,EQ,2600.75,2605.5,2613,2556.75,2564.25,2571.3,2585.02,923668,2.3877E+14,37803,658949,0.7134
12/06/2015,TCS,EQ,2571.3,2571.9,2588.95,2476.8,2520,2505.8,2526.7,1285728,3.24865E+14,80056,700457,0.5448
15/06/2015,TCS,EQ,2505.8,2505.3,2520.45,2481,2509.5,2504.8,2503.06,1262588,3.16034E+14,57691,1008687,0.7989
16/06/2015,TCS,EQ,2504.8,2500,2519.3,2494.45,2508,2512,2510.7,633698,1.59103E+14,41162,481883,0.7604
17/06/2015,TCS,EQ,2512,2521,2529.15,2501.8,2512,2513.8,2516.05,987860,2.4855E+14,88734,698348,0.7069
18/06/2015,TCS,EQ,2513.8,2515,2546.3,2508,2522,2530.05,2533.09,1082523,2.74212E+14,83019,764949,0.7066
19/06/2015,TCS,EQ,2530.05,2535,2555,2527.1,2550,2549.55,2546.79,999805,2.5463E+14,50051,769320,0.7695
22/06/2015,TCS,EQ,2549.55,2547,2600,2547,2598.3,2591.5,2587.1,551001,1.42549E+14,43692,317646,0.5765
23/06/2015,TCS,EQ,2591.5,2600,2608,2567.2,2585.9,2574.6,2582.03,449159,1.15974E+14,30619,280403,0.6243
24/06/2015,TCS,EQ,2574.6,2580,2587.9,2558.85,2568.7,2570.3,2573.22,585123,1.50565E+14,39464,331254,0.5661
25/06/2015,TCS,EQ,2570.3,2562,2573,2544.15,2552,2550,2553.8,965496,2.46568E+14,36543,728243,0.7543
26/06/2015,TCS,EQ,2550,2550.2,2596.35,2550.2,2590.1,2592.8,2579.82,645051,1.66411E+14,34240,356380,0.5525
29/06/2015,TCS,EQ,2592.8,2572,2604,2543.4,2599,2592.9,2569.67,686378,1.76377E+14,35008,263984,0.3846
30/06/2015,TCS,EQ,2592.9,2585,2588.75,2540,2555,2550.95,2557.03,774976,1.98163E+14,34960,468575,0.6046
1/07/2015,TCS,EQ,2550.95,2563.9,2608,2556.75,2600,2593.1,2584.41,639854,1.65364E+14,50229,405105,0.6331
2/07/2015,TCS,EQ,2593.1,2600,2602.95,2571.05,2582,2577.75,2583.81,722940,1.86794E+14,63066,441786,0.6111
3/07/2015,TCS,EQ,2577.75,2573.05,2610,2570,2603.1,2603.9,2595.18,481735,1.25019E+14,34612,263852,0.5477
6/07/2015,TCS,EQ,2603.9,2580.3,2645,2580.3,2629.7,2633.3,2613.46,591169,1.545E+14,31304,280866,0.4751
7/07/2015,TCS,EQ,2633.3,2632.75,2646.9,2603,2623.9,2616.25,2627.79,821418,2.15851E+14,51719,531468,0.647
8/07/2015,TCS,EQ,2616.25,2597.95,2621.7,2580.5,2591.7,2595.1,2596.66,1333925,3.46375E+14,85552,956051,0.7167
9/07/2015,TCS,EQ,2595.1,2595,2598.25,2506.65,2529.35,2522.5,2540.37,1967061,4.99707E+14,142048,1156795,0.5881
10/07/2015,TCS,EQ,2522.5,2559,2559,2455,2467,2474.35,2489.45,4131827,1.0286E+15,211247,2279427,0.5517
13/07/2015,TCS,EQ,2474.35,2475.4,2518.6,2475.4,2506.1,2509.55,2502.25,1140154,2.85295E+14,53024,672149,0.5895
14/07/2015,TCS,EQ,2509.55,2511,2515,2490,2498.85,2499.5,2499.62,851637,2.12877E+14,49611,583671,0.6854
15/07/2015,TCS,EQ,2499.5,2501,2549.95,2500,2548,2545.75,2534.53,1001830,2.53917E+14,76369,665637,0.6644
16/07/2015,TCS,EQ,2545.75,2543.7,2558.85,2526.6,2534.9,2540.2,2543.54,728304,1.85247E+14,58974,449458,0.6171
17/07/2015,TCS,EQ,2540.2,2546.8,2570.1,2543.3,2563.25,2564.4,2558.02,535263,1.36921E+14,39534,299824,0.5601
20/07/2015,TCS,EQ,2564.4,2564,2583.9,2551.9,2579.95,2579.15,2571.54,426893,1.09777E+14,38037,243186,0.5697
21/07/2015,TCS,EQ,2579.15,2576,2600.35,2555.1,2561.7,2561.4,2574.93,637250,1.64087E+14,52304,399441,0.6268
22/07/2015,TCS,EQ,2561.4,2561,2569,2521.05,2530.9,2528.05,2532.4,660314,1.67218E+14,44395,450257,0.6819
23/07/2015,TCS,EQ,2528.05,2517.5,2537.85,2483,2492.05,2488.6,2505.27,748390,1.87492E+14,34659,491798,0.6571
24/07/2015,TCS,EQ,2488.6,2497.5,2516.5,2492.1,2507.1,2505.15,2506.09,787486,1.97351E+14,38528,512154,0.6504
27/07/2015,TCS,EQ,2505.15,2488,2505,2481.15,2501.15,2497.05,2496.91,1001869,2.50158E+14,65507,798854,0.7974
28/07/2015,TCS,EQ,2497.05,2499.5,2519,2492.15,2509.7,2502.05,2509.48,945594,2.37295E+14,48484,759857,0.8036
29/07/2015,TCS,EQ,2502.05,2511,2515.05,2483.5,2515,2506.75,2501.68,1206659,3.01867E+14,85826,966402,0.8009
30/07/2015,TCS,EQ,2506.75,2516.05,2516.8,2472.8,2472.8,2480.65,2490.3,1385287,3.44978E+14,77684,1230247,0.8881
31/07/2015,TCS,EQ,2480.65,2489.9,2519,2487,2511.45,2510.75,2502.23,981888,2.45691E+14,67496,675985,0.6885
3/08/2015,TCS,EQ,2510.75,2503.4,2525,2500.9,2508,2509.6,2514.14,589662,1.48249E+14,50976,404877,0.6866
4/08/2015,TCS,EQ,2509.6,2510.4,2523,2486,2510,2508.9,2500.32,1171346,2.92874E+14,82052,973725,0.8313
5/08/2015,TCS,EQ,2508.9,2520,2550,2511,2544.55,2547.15,2539.25,494497,1.25565E+14,46758,339571,0.6867
6/08/2015,TCS,EQ,2547.15,2565,2583,2550.1,2569.3,2573.3,2566.25,1105683,2.83746E+14,67097,888664,0.8037
7/08/2015,TCS,EQ,2573.3,2573,2573,2547,2559,2552.05,2558.6,594253,1.52046E+14,51065,457333,0.7696
10/08/2015,TCS,EQ,2552.05,2572,2589,2556.6,2575,2572.1,2576.47,715591,1.8437E+14,45499,563414,0.7873
11/08/2015,TCS,EQ,2572.1,2578,2610,2542.1,2600.8,2604.2,2595.57,1100153,2.85553E+14,60746,777937,0.7071
12/08/2015,TCS,EQ,2604.2,2603.1,2691.4,2602,2670,2671.7,2658.48,1739892,4.62546E+14,116770,1317431,0.7572
13/08/2015,TCS,EQ,2671.7,2670,2684,2556,2638.35,2635.6,2652.19,703213,1.86506E+14,47820,460590,0.655
14/08/2015,TCS,EQ,2635.6,2638,2719.35,2637.1,2692.05,2703.2,2688.81,1146982,3.08402E+14,82195,766818,0.6686
17/08/2015,TCS,EQ,2703.2,2690.1,2696.8,2655,2685.9,2684.75,2673.6,386822,1.03421E+14,30502,206955,0.535
18/08/2015,TCS,EQ,2684.75,2706.9,2749.9,2690,2745.95,2740.9,2736.66,958463,2.62298E+14,100314,623865,0.6509
19/08/2015,TCS,EQ,2740.9,2750,2752.85,2721.9,2727,2733.6,2739.06,845035,2.3146E+14,90389,588336,0.6962
20/08/2015,TCS,EQ,2733.6,2745,2745,2672,2686.5,2686.85,2702.74,1174649,3.17477E+14,105196,842334,0.7171
21/08/2015,TCS,EQ,2686.85,2712,2729.9,2655.1,2671,2676.15,2684.3,1768040,4.74594E+14,113746,1315006,0.7438
24/08/2015,TCS,EQ,2676.15,2639,2645,2569.1,2586,2578.65,2599.95,2346172,6.09993E+14,98288,1766434,0.7529
25/08/2015,TCS,EQ,2578.65,2587.9,2622,2535.5,2564.8,2567.15,2574.64,1962900,5.05375E+14,90437,1340952,0.6831
26/08/2015,TCS,EQ,2567.15,2558.05,2639,2511.95,2579.8,2576.75,2591.93,1608079,4.16803E+14,92978,1139025,0.7083
27/08/2015,TCS,EQ,2576.75,2614.9,2614.9,2545.8,2567,2574.65,2572.91,2632399,6.77292E+14,126702,2065390,0.7846
28/08/2015,TCS,EQ,2574.65,2609,2609,2557.7,2563.1,2570.85,2581.92,1372076,3.54259E+14,102566,1063723,0.7753
31/08/2015,TCS,EQ,2570.85,2590,2590,2531.05,2575,2564.05,2566.03,1846022,4.73694E+14,109961,1434044,0.7768
1/09/2015,TCS,EQ,2564.05,2556,2611.2,2530,2533.2,2537.4,2574.5,1493801,3.84579E+14,96695,981661,0.6572
2/09/2015,TCS,EQ,2537.4,2559.7,2620.45,2548,2600,2591.8,2595.11,1882975,4.88652E+14,114103,1263275,0.6709
3/09/2015,TCS,EQ,2591.8,2596.1,2615,2576.25,2606,2605.6,2594.76,1132537,2.93866E+14,91703,745864,0.6586
4/09/2015,TCS,EQ,2605.6,2611.4,2614.9,2539.15,2544,2547.45,2568.96,1213198,3.11665E+14,124154,800848,0.6601
7/09/2015,TCS,EQ,2547.45,2553,2559.95,2532.7,2539.6,2539.75,2546.5,879592,2.23988E+14,73248,638480,0.7259
8/09/2015,TCS,EQ,2539.75,2545,2564.1,2523.5,2540.3,2540.3,2540.52,893873,2.2709E+14,64944,616912,0.6902
9/09/2015,TCS,EQ,2540.3,2562.95,2574,2544,2551,2549.75,2558.04,1022538,2.61569E+14,62654,625155,0.6114
10/09/2015,TCS,EQ,2549.75,2542,2578.5,2527,2550,2545.4,2553.83,1332909,3.40402E+14,96715,916263,0.6874
11/09/2015,TCS,EQ,2545.4,2546.5,2568.4,2540.6,2549.8,2552,2553.59,796336,2.03352E+14,60997,560414,0.7037
14/09/2015,TCS,EQ,2552,2565,2565,2543,2548,2551.65,2552.98,794659,2.02875E+14,57713,577291,0.7265
15/09/2015,TCS,EQ,2551.65,2551.65,2558.9,2536,2537.25,2547.6,2548.86,689950,1.75858E+14,64604,485074,0.7031
16/09/2015,TCS,EQ,2547.6,2555,2565,2541.05,2548,2550.35,2553.8,878408,2.24328E+14,69451,634884,0.7228
18/09/2015,TCS,EQ,2550.35,2565,2586,2539,2545,2551.25,2565.18,1227647,3.14914E+14,70579,870927,0.7094
21/09/2015,TCS,EQ,2551.25,2550,2557.1,2533.2,2555.65,2551.05,2545.78,554420,1.41143E+14,59635,370607,0.6685
22/09/2015,TCS,EQ,2551.05,2557.5,2572.4,2490,2522.55,2526.8,2545.14,1040623,2.64854E+14,72612,671655,0.6454
23/09/2015,TCS,EQ,2526.8,2534.3,2557.75,2512.6,2534.6,2532.65,2533.36,614176,1.55593E+14,37626,345011,0.5617
24/09/2015,TCS,EQ,2532.65,2535.5,2590,2529.9,2579,2580.4,2561.8,1177127,3.01556E+14,71506,824902,0.7008
28/09/2015,TCS,EQ,2580.4,2594,2619,2579.5,2600,2593.7,2603.35,1183406,3.08082E+14,77392,894029,0.7555
29/09/2015,TCS,EQ,2593.7,2583.35,2634,2569.85,2592,2588.25,2603.73,1662976,4.32995E+14,103754,1244496,0.7484
30/09/2015,TCS,EQ,2588.25,2643.7,2643.7,2570.95,2585,2588.05,2585.98,1684168,4.35523E+14,81073,1273762,0.7563
1/10/2015,TCS,EQ,2588.05,2599,2649.95,2592.2,2641.1,2644.6,2630.47,1417204,3.72791E+14,94874,1002629,0.7075
5/10/2015,TCS,EQ,2644.6,2652.7,2770,2652.7,2719.9,2711.65,2711.39,2403653,6.51725E+14,146358,1616394,0.6725
6/10/2015,TCS,EQ,2711.65,2725,2726,2684,2686.2,2700,2704.9,1989795,5.38219E+14,96553,1635016,0.8217
7/10/2015,TCS,EQ,2700,2693.95,2717,2646.95,2655,2653.95,2677.99,1032765,2.76573E+14,102318,683381,0.6617
8/10/2015,TCS,EQ,2653.95,2670,2678.35,2620,2631.9,2633.8,2642.62,1178775,3.11505E+14,102041,865714,0.7344
9/10/2015,TCS,EQ,2633.8,2650.5,2650.6,2608,2630,2629.65,2628.83,1124862,2.95707E+14,68120,837088,0.7442
12/10/2015,TCS,EQ,2629.65,2655,2660.35,2587,2597.7,2592.6,2612.17,1227956,3.20763E+14,84883,675044,0.5497
13/10/2015,TCS,EQ,2592.6,2602.8,2612,2567.6,2586.85,2598.55,2589.61,3089856,8.00154E+14,129714,1303446,0.4218
14/10/2015,TCS,EQ,2598.55,2548,2548,2480,2480.9,2483.7,2502.59,4168564,1.04322E+15,175646,2297432,0.5511
15/10/2015,TCS,EQ,2483.7,2490,2503.5,2465,2468.8,2467.75,2478.15,1607855,3.98451E+14,107563,1101822,0.6853
16/10/2015,TCS,EQ,2467.75,2480.9,2492,2470,2472,2473.75,2477.86,1166914,2.89145E+14,68190,791055,0.6779
19/10/2015,TCS,EQ,2473.75,2490,2494.95,2455.85,2493.95,2488.75,2473.9,1565321,3.87245E+14,55224,1047364,0.6691
20/10/2015,TCS,EQ,2488.75,2496.25,2530,2495.6,2523.2,2526.75,2520.95,1347542,3.39709E+14,60572,942992,0.6998
21/10/2015,TCS,EQ,2526.75,2535,2542,2522.25,2526,2530,2532.48,964844,2.44345E+14,80004,691629,0.7168
23/10/2015,TCS,EQ,2530,2548,2548,2527.3,2536.95,2537.15,2534.65,1167699,2.95971E+14,39962,862305,0.7385
26/10/2015,TCS,EQ,2537.15,2549,2549,2515.1,2540,2536.55,2530.16,707315,1.78962E+14,58521,469883,0.6643
27/10/2015,TCS,EQ,2536.55,2530.05,2544.9,2520.35,2528.9,2531.1,2531.42,765210,1.93707E+14,47064,541265,0.7073
28/10/2015,TCS,EQ,2531.1,2510.05,2533.55,2510.05,2528,2529.1,2524.11,627671,1.58431E+14,43535,444506,0.7082
29/10/2015,TCS,EQ,2529.1,2533.55,2535.4,2490.05,2496,2495.35,2500.06,1565158,3.91299E+14,61541,1065888,0.681
30/10/2015,TCS,EQ,2495.35,2500,2511.9,2485,2500,2495.2,2495.93,758348,1.89279E+14,41071,519557,0.6851
2/11/2015,TCS,EQ,2495.2,2500,2522.8,2487.55,2518,2517.35,2507.96,659647,1.65437E+14,48056,480522,0.7285
3/11/2015,TCS,EQ,2517.35,2528,2547.8,2518.5,2538.85,2543.45,2536.88,682453,1.7313E+14,39895,502388,0.7362
4/11/2015,TCS,EQ,2543.45,2545,2547.2,2520,2526.75,2533.8,2532.27,495717,1.25529E+14,41282,284406,0.5737
5/11/2015,TCS,EQ,2533.8,2530.8,2534.95,2480,2485,2482.65,2496.94,798049,1.99268E+14,38722,556372,0.6972
6/11/2015,TCS,EQ,2482.65,2492,2518.25,2483.45,2505.2,2505.75,2507.54,454012,1.13845E+14,26028,298424,0.6573
9/11/2015,TCS,EQ,2505.75,2495,2502.75,2468.6,2474,2471.35,2477.88,1010778,2.50459E+14,42927,819330,0.8106
10/11/2015,TCS,EQ,2471.35,2472.95,2477,2450,2455,2458.15,2463.3,680960,1.67741E+14,53282,479205,0.7037
11/11/2015,TCS,EQ,2458.15,2475,2475,2450,2472,2468.8,2467.45,67582,1.66755E+13,5197,34003,0.5031
13/11/2015,TCS,EQ,2468.8,2438.05,2438.05,2386.55,2396,2397.4,2405.31,1371616,3.29916E+14,77174,958618,0.6989
16/11/2015,TCS,EQ,2397.4,2390,2390,2356,2376,2374.6,2371.62,1021764,2.42324E+14,67518,701532,0.6866
17/11/2015,TCS,EQ,2374.6,2380.5,2398.45,2375,2390,2390.55,2385.85,992514,2.36799E+14,58593,755518,0.7612
18/11/2015,TCS,EQ,2390.55,2388.9,2388.9,2346,2349.65,2351.45,2358.29,760176,1.79272E+14,43678,506662,0.6665
19/11/2015,TCS,EQ,2351.45,2365.35,2381.6,2352,2367,2362.55,2366.14,933453,2.20868E+14,55764,632570,0.6777
20/11/2015,TCS,EQ,2362.55,2366.5,2423.55,2361.95,2394.5,2398.35,2403.22,1006063,2.41779E+14,60130,575994,0.5725
23/11/2015,TCS,EQ,2398.35,2405.3,2413.4,2382.25,2389.3,2391.05,2397.62,544041,1.30441E+14,42359,351815,0.6467
24/11/2015,TCS,EQ,2391.05,2380.05,2392.45,2365.5,2366,2367.95,2378.62,499320,1.18769E+14,35776,342427,0.6858
26/11/2015,TCS,EQ,2367.95,2377.9,2382.4,2337.85,2346,2345.55,2355.52,1457646,3.43351E+14,77452,969589,0.6652
27/11/2015,TCS,EQ,2345.55,2348,2359.45,2332.5,2354.95,2353.35,2348.7,868603,2.04009E+14,62719,518858,0.5973
30/11/2015,TCS,EQ,2353.35,2365,2391.25,2350.15,2373.55,2364.7,2365.21,2050024,4.84874E+14,85439,1102521,0.5378
1/12/2015,TCS,EQ,2364.7,2362.9,2378.05,2357.05,2359.75,2361.9,2363.85,860997,2.03527E+14,51511,672976,0.7816
2/12/2015,TCS,EQ,2361.9,2378,2378.1,2346.5,2367,2365.2,2362.86,820148,1.9379E+14,38694,580713,0.7081
3/12/2015,TCS,EQ,2365.2,2360,2373,2347,2350,2350.75,2356.59,1141679,2.69047E+14,41715,765969,0.6709
4/12/2015,TCS,EQ,2350.75,2340,2347.3,2321.1,2330,2328.4,2330.08,623046,1.45175E+14,32999,426970,0.6853
7/12/2015,TCS,EQ,2328.4,2332.2,2343.9,2315.25,2321,2319.8,2322.27,691302,1.60539E+14,52150,487587,0.7053
8/12/2015,TCS,EQ,2319.8,2319.4,2349,2317.3,2326.25,2329,2332.95,569982,1.32974E+14,47957,336913,0.5911
9/12/2015,TCS,EQ,2329,2337.9,2372.8,2320,2370,2367.65,2361.23,2641403,6.23695E+14,59592,1365071,0.5168
10/12/2015,TCS,EQ,2367.65,2369,2391.2,2352,2380.95,2384.55,2374.82,861994,2.04708E+14,52429,556996,0.6462
11/12/2015,TCS,EQ,2384.55,2383,2391.95,2363.25,2383.15,2386,2384.13,826189,1.96975E+14,53651,598804,0.7248
14/12/2015,TCS,EQ,2386,2335.2,2387,2330.6,2375,2378.45,2364.84,1359266,3.21444E+14,58637,758806,0.5582
15/12/2015,TCS,EQ,2378.45,2378.45,2385,2363.05,2379.5,2375.85,2375.03,567934,1.34886E+14,52585,421587,0.7423
16/12/2015,TCS,EQ,2375.85,2384,2414.5,2384,2407.5,2408.4,2402.07,717967,1.72461E+14,48074,494205,0.6883
17/12/2015,TCS,EQ,2408.4,2415,2445,2393.35,2434.1,2439.75,2418.57,809422,1.95765E+14,46818,569320,0.7034
18/12/2015,TCS,EQ,2439.75,2420,2434.2,2400.65,2409.8,2416.8,2416.02,1512485,3.6542E+14,47644,1052042,0.6956
21/12/2015,TCS,EQ,2416.8,2419.95,2450,2406.85,2443,2446.4,2428.4,805052,1.95499E+14,41004,425890,0.529
22/12/2015,TCS,EQ,2446.4,2440,2440,2400,2407,2405.05,2413.33,780429,1.88343E+14,30995,476137,0.6101
23/12/2015,TCS,EQ,2405.05,2415,2435,2410.55,2418.8,2425.8,2425.06,424917,1.03045E+14,31057,253475,0.5965
24/12/2015,TCS,EQ,2425.8,2421,2438.2,2404,2435,2434.25,2424.03,421580,1.02192E+14,21932,188670,0.4475
28/12/2015,TCS,EQ,2434.25,2428,2466.4,2420.2,2456.95,2462.7,2455,1852099,4.5469E+14,43390,1060100,0.5724
29/12/2015,TCS,EQ,2462.7,2458.35,2465.3,2445.75,2449.35,2455.8,2452.26,854262,2.09488E+14,26975,433986,0.508
30/12/2015,TCS,EQ,2455.8,2453.05,2459,2412.3,2421.7,2418.3,2442.06,802881,1.96068E+14,49464,632180,0.7874
31/12/2015,TCS,EQ,2418.3,2415.75,2448.5,2407.5,2430,2436.85,2428.9,620159,1.5063E+14,42600,400391,0.6456
